recorded_at_utc,symbol,requested_timeframe,applied_timeframe,lookback_years,source_mode,signal,gann_mindset_bias,gann_time_phase,gann_recommended_signal,gann_angle_proximity,gann_nearest_key_angle,gann_degree,gann_cycle_degree,gann_cycle_quadrant,gann_cycle_description,nakshatra,nakshatra_pada,news_previous_event,news_next_event
2026-04-06T01:47:43.897497+00:00,XAUUSD,1d,1d,25,historical_first,STRONG BUY,SELL_CONTINUATION,NEUTRAL (mixed),WAIT,NONE,45,63.3654,157.67,2,MARKUP,Mrigashira,4,US Core PCE Price Index MoM,US Consumer Price Index (CPI) YoY
2026-04-06T02:48:26.381891+00:00,XAUUSD,1d,1d,25,historical_first,STRONG BUY,SELL_CONTINUATION,NEUTRAL (mixed),WAIT,NONE,45,63.3654,157.67,2,MARKUP,Mrigashira,4,US Core PCE Price Index MoM,US Consumer Price Index (CPI) YoY
2026-04-06T02:48:27.066906+00:00,XAUUSD,1month,1d,25,historical_first,STRONG BUY,SELL_CONTINUATION,NEUTRAL (mixed),WAIT,NONE,45,63.3654,157.67,2,MARKUP,Mrigashira,4,US Core PCE Price Index MoM,US Consumer Price Index (CPI) YoY
2026-04-06T02:48:29.606314+00:00,XAUUSD,1w,1d,25,historical_first,STRONG BUY,SELL_CONTINUATION,NEUTRAL (mixed),WAIT,NONE,45,63.3654,157.67,2,MARKUP,Mrigashira,4,US Core PCE Price Index MoM,US Consumer Price Index (CPI) YoY
2026-04-06T02:52:00.861212+00:00,XAUUSD,1month,1month,2,historical_first,STRONG BUY,BUY_CONTINUATION,NEUTRAL (mixed),WAIT,NONE,225,259.2226,267.16,3,DISTRIBUTION,Purva Ashadha,2,US Core PCE Price Index MoM,US Non-Farm Payrolls (NFP)
2026-04-06T02:52:03.253800+00:00,XAUUSD,1d,1d,2,historical_first,STRONG BUY,SELL_CONTINUATION,NEUTRAL (mixed),WAIT,NONE,45,63.3654,157.67,2,MARKUP,Mrigashira,4,US Core PCE Price Index MoM,US Consumer Price Index (CPI) YoY
2026-04-06T02:52:03.560565+00:00,XAUUSD,1w,1d,2,historical_first,STRONG BUY,SELL_CONTINUATION,NEUTRAL (mixed),WAIT,NONE,45,63.3654,157.67,2,MARKUP,Mrigashira,4,US Core PCE Price Index MoM,US Consumer Price Index (CPI) YoY
2026-04-06T02:52:19.168455+00:00,XAUUSD,1month,1month,2,historical_first,STRONG BUY,BUY_CONTINUATION,NEUTRAL (mixed),WAIT,NONE,225,259.2226,267.16,3,DISTRIBUTION,Purva Ashadha,2,US Core PCE Price Index MoM,US Non-Farm Payrolls (NFP)
2026-04-06T02:52:22.213996+00:00,XAUUSD,1w,1d,2,historical_first,STRONG BUY,SELL_CONTINUATION,NEUTRAL (mixed),WAIT,NONE,45,63.3654,157.67,2,MARKUP,Mrigashira,4,US Core PCE Price Index MoM,US Consumer Price Index (CPI) YoY
2026-04-06T02:52:22.747965+00:00,XAUUSD,1d,1d,2,historical_first,STRONG BUY,SELL_CONTINUATION,NEUTRAL (mixed),WAIT,NONE,45,63.3654,157.67,2,MARKUP,Mrigashira,4,US Core PCE Price Index MoM,US Consumer Price Index (CPI) YoY
2026-04-06T03:58:20.784673+00:00,XAUUSD,1d,1d,25,historical_first,STRONG BUY,SELL_CONTINUATION,NEUTRAL (mixed),WAIT,NONE,45,63.3654,157.67,2,MARKUP,Mrigashira,4,US Core PCE Price Index MoM,US Consumer Price Index (CPI) YoY
2026-04-06T03:58:47.563155+00:00,XAUUSD,1w,1d,25,historical_first,STRONG BUY,SELL_CONTINUATION,NEUTRAL (mixed),WAIT,NONE,45,63.3654,157.67,2,MARKUP,Mrigashira,4,US Core PCE Price Index MoM,US Consumer Price Index (CPI) YoY
2026-04-06T03:58:48.064283+00:00,XAUUSD,1month,1d,25,historical_first,STRONG BUY,SELL_CONTINUATION,NEUTRAL (mixed),WAIT,NONE,45,63.3654,157.67,2,MARKUP,Mrigashira,4,US Core PCE Price Index MoM,US Consumer Price Index (CPI) YoY
2026-04-06T11:25:58.465098+00:00,XAUUSD,1d,1d,25,historical_first,STRONG BUY,SELL_CONTINUATION,NEUTRAL (mixed),WAIT,NONE,45,63.3654,157.67,2,MARKUP,Mrigashira,4,US Core PCE Price Index MoM,US Consumer Price Index (CPI) YoY
2026-04-06T11:25:59.256896+00:00,XAUUSD,1w,1d,25,historical_first,STRONG BUY,SELL_CONTINUATION,NEUTRAL (mixed),WAIT,NONE,45,63.3654,157.67,2,MARKUP,Mrigashira,4,US Core PCE Price Index MoM,US Consumer Price Index (CPI) YoY
2026-04-06T11:25:59.465992+00:00,XAUUSD,1month,1d,25,historical_first,STRONG BUY,SELL_CONTINUATION,NEUTRAL (mixed),WAIT,NONE,45,63.3654,157.67,2,MARKUP,Mrigashira,4,US Core PCE Price Index MoM,US Consumer Price Index (CPI) YoY
2026-04-06T11:32:55.057220+00:00,XAUUSD,1d,1d,25,historical_first,STRONG BUY,SELL_CONTINUATION,NEUTRAL (mixed),WAIT,NONE,45,63.3654,157.67,2,MARKUP,Mrigashira,4,US Core PCE Price Index MoM,US Consumer Price Index (CPI) YoY
2026-04-06T11:32:55.460599+00:00,XAUUSD,1month,1d,25,historical_first,STRONG BUY,SELL_CONTINUATION,NEUTRAL (mixed),WAIT,NONE,45,63.3654,157.67,2,MARKUP,Mrigashira,4,US Core PCE Price Index MoM,US Consumer Price Index (CPI) YoY
2026-04-06T11:32:55.985696+00:00,XAUUSD,1w,1d,25,historical_first,STRONG BUY,SELL_CONTINUATION,NEUTRAL (mixed),WAIT,NONE,45,63.3654,157.67,2,MARKUP,Mrigashira,4,US Core PCE Price Index MoM,US Consumer Price Index (CPI) YoY
2026-04-06T11:33:04.560190+00:00,XAUUSD,1d,1d,25,historical_first,STRONG BUY,SELL_CONTINUATION,NEUTRAL (mixed),WAIT,NONE,45,63.3654,157.67,2,MARKUP,Mrigashira,4,US Core PCE Price Index MoM,US Consumer Price Index (CPI) YoY
2026-04-07T02:01:57.069175+00:00,XAUUSD,1w,1d,25,combined,STRONG BUY,SELL_CONTINUATION,NEUTRAL (mixed),WAIT,NONE,315,334.8271,139.17,2,MARKUP,Uttara Bhadrapada,1,US Core PCE Price Index MoM,US Consumer Price Index (CPI) YoY
2026-04-07T02:02:02.274332+00:00,XAUUSD,1month,1d,25,combined,STRONG BUY,SELL_CONTINUATION,NEUTRAL (mixed),WAIT,NONE,315,334.8271,139.17,2,MARKUP,Uttara Bhadrapada,1,US Core PCE Price Index MoM,US Consumer Price Index (CPI) YoY
2026-04-07T02:03:28.244343+00:00,XAUUSD,1w,1d,25,combined,STRONG BUY,SELL_CONTINUATION,NEUTRAL (mixed),WAIT,NONE,315,334.8271,139.17,2,MARKUP,Uttara Bhadrapada,1,US Core PCE Price Index MoM,US Consumer Price Index (CPI) YoY
2026-04-07T02:03:32.678828+00:00,XAUUSD,1month,1d,25,combined,STRONG BUY,SELL_CONTINUATION,NEUTRAL (mixed),WAIT,NONE,315,334.8271,139.17,2,MARKUP,Uttara Bhadrapada,1,US Core PCE Price Index MoM,US Consumer Price Index (CPI) YoY
2026-04-07T02:04:06.015660+00:00,XAUUSD,1w,1d,25,live_first,STRONG BUY,SELL_CONTINUATION,NEUTRAL (mixed),WAIT,NONE,315,334.8271,139.17,2,MARKUP,Uttara Bhadrapada,1,US Core PCE Price Index MoM,US Consumer Price Index (CPI) YoY
2026-04-07T03:01:33.106977+00:00,XAUUSD,1d,1d,25,historical_first,STRONG BUY,SELL_CONTINUATION,NEUTRAL (mixed),WAIT,NONE,315,334.8271,139.17,2,MARKUP,Uttara Bhadrapada,1,US Core PCE Price Index MoM,US Consumer Price Index (CPI) YoY
2026-04-07T14:35:23.583387+00:00,XAUUSD,1w,1d,25,combined,STRONG BUY,SELL_CONTINUATION,NEUTRAL (mixed),WAIT,NONE,315,334.8271,139.17,2,MARKUP,Uttara Bhadrapada,1,US Core PCE Price Index MoM,US Consumer Price Index (CPI) YoY
2026-04-07T14:35:24.015067+00:00,XAUUSD,1month,1d,25,combined,STRONG BUY,SELL_CONTINUATION,NEUTRAL (mixed),WAIT,NONE,315,334.8271,139.17,2,MARKUP,Uttara Bhadrapada,1,US Core PCE Price Index MoM,US Consumer Price Index (CPI) YoY
2026-04-07T14:39:18.047113+00:00,XAUUSD,1h,1h,25,combined,STRONG BUY,BUY_CONTINUATION,NEUTRAL (mixed),WAIT,NEAR,45,50.8503,166.65,2,MARKUP,Rohini,4,US Core PCE Price Index MoM,US Consumer Price Index (CPI) YoY
2026-04-08T00:15:31.442917+00:00,XAUUSD,1d,1d,25,historical_first,STRONG BUY,SELL_CONTINUATION,NEUTRAL (mixed),WAIT,NONE,315,334.8271,139.17,2,MARKUP,Uttara Bhadrapada,1,US Core PCE Price Index MoM,US Consumer Price Index (CPI) YoY
2026-04-08T00:24:42.508958+00:00,XAUUSD,1d,1d,25,historical_first,STRONG BUY,SELL_CONTINUATION,NEUTRAL (mixed),WAIT,NONE,315,334.8271,139.17,2,MARKUP,Uttara Bhadrapada,1,US Core PCE Price Index MoM,US Consumer Price Index (CPI) YoY
2026-04-08T00:52:11.449547+00:00,XAUUSD,1d,1d,25,combined,STRONG BUY,SELL_CONTINUATION,NEUTRAL (mixed),WAIT,NONE,315,334.8271,139.17,2,MARKUP,Uttara Bhadrapada,1,US Core PCE Price Index MoM,US Consumer Price Index (CPI) YoY
2026-04-08T00:52:38.520615+00:00,XAUUSD,1month,1d,25,combined,STRONG BUY,SELL_CONTINUATION,NEUTRAL (mixed),WAIT,NONE,315,334.8271,139.17,2,MARKUP,Uttara Bhadrapada,1,US Core PCE Price Index MoM,US Consumer Price Index (CPI) YoY
2026-04-08T00:52:39.462864+00:00,XAUUSD,1w,1d,25,combined,STRONG BUY,SELL_CONTINUATION,NEUTRAL (mixed),WAIT,NONE,315,334.8271,139.17,2,MARKUP,Uttara Bhadrapada,1,US Core PCE Price Index MoM,US Consumer Price Index (CPI) YoY
2026-04-08T00:58:25.006331+00:00,XAUUSD,1h,1h,25,combined,STRONG BUY,BUY_CONTINUATION,NEUTRAL (mixed),WAIT,NONE,45,29.8753,214.81,3,DISTRIBUTION,Krittika,1,US Core PCE Price Index MoM,US Consumer Price Index (CPI) YoY
2026-04-08T03:45:22.381643+00:00,XAUUSD,1d,1d,25,historical_first,STRONG BUY,BUY_CONTINUATION,NEUTRAL (mixed),WAIT,EXACT,45,42.8075,153.36,2,MARKUP,Rohini,1,US Core PCE Price Index MoM,US Consumer Price Index (CPI) YoY
2026-04-09T02:49:57.721251+00:00,XAUUSD,1d,1d,25,historical_first,STRONG BUY,BUY_CONTINUATION,NEUTRAL (mixed),WAIT,EXACT,45,42.8075,153.36,2,MARKUP,Rohini,1,US Core PCE Price Index MoM,US Consumer Price Index (CPI) YoY
2026-04-09T02:50:25.099137+00:00,XAUUSD,1d,1d,25,historical_first,STRONG BUY,BUY_CONTINUATION,NEUTRAL (mixed),WAIT,EXACT,45,42.8075,153.36,2,MARKUP,Rohini,1,US Core PCE Price Index MoM,US Consumer Price Index (CPI) YoY
2026-04-09T02:51:41.114624+00:00,XAUUSD,1d,1d,25,historical_first,STRONG BUY,BUY_CONTINUATION,NEUTRAL (mixed),WAIT,EXACT,45,42.8075,153.36,2,MARKUP,Rohini,1,US Core PCE Price Index MoM,US Consumer Price Index (CPI) YoY
2026-04-09T02:52:16.726768+00:00,XAUUSD,1d,1d,25,historical_first,STRONG BUY,BUY_CONTINUATION,NEUTRAL (mixed),WAIT,EXACT,45,42.8075,153.36,2,MARKUP,Rohini,1,US Core PCE Price Index MoM,US Consumer Price Index (CPI) YoY
2026-04-09T03:11:07.458984+00:00,XAUUSD,1d,1d,25,combined,STRONG BUY,BUY_CONTINUATION,NEUTRAL (mixed),WAIT,EXACT,45,42.8075,153.36,2,MARKUP,Rohini,1,US Core PCE Price Index MoM,US Consumer Price Index (CPI) YoY
2026-04-09T03:12:00.341476+00:00,XAUUSD,1w,1d,25,combined,STRONG BUY,BUY_CONTINUATION,NEUTRAL (mixed),WAIT,EXACT,45,42.8075,153.36,2,MARKUP,Rohini,1,US Core PCE Price Index MoM,US Consumer Price Index (CPI) YoY
2026-04-09T03:12:01.185725+00:00,XAUUSD,1month,1d,25,combined,STRONG BUY,BUY_CONTINUATION,NEUTRAL (mixed),WAIT,EXACT,45,42.8075,153.36,2,MARKUP,Rohini,1,US Core PCE Price Index MoM,US Consumer Price Index (CPI) YoY
2026-04-09T03:12:06.216776+00:00,XAUUSD,1d,1d,25,combined,STRONG BUY,BUY_CONTINUATION,NEUTRAL (mixed),WAIT,EXACT,45,42.8075,153.36,2,MARKUP,Rohini,1,US Core PCE Price Index MoM,US Consumer Price Index (CPI) YoY
2026-04-09T03:45:25.251025+00:00,XAUUSD,1d,1d,25,historical_first,STRONG BUY,BUY_CONTINUATION,NEUTRAL (mixed),WAIT,EXACT,45,42.8075,153.36,2,MARKUP,Rohini,1,US Core PCE Price Index MoM,US Consumer Price Index (CPI) YoY
2026-04-09T03:45:49.890958+00:00,XAUUSD,1month,1d,25,historical_first,STRONG BUY,BUY_CONTINUATION,NEUTRAL (mixed),WAIT,EXACT,45,42.8075,153.36,2,MARKUP,Rohini,1,US Core PCE Price Index MoM,US Consumer Price Index (CPI) YoY
2026-04-09T03:45:50.672321+00:00,XAUUSD,1w,1d,25,historical_first,STRONG BUY,BUY_CONTINUATION,NEUTRAL (mixed),WAIT,EXACT,45,42.8075,153.36,2,MARKUP,Rohini,1,US Core PCE Price Index MoM,US Consumer Price Index (CPI) YoY
2026-04-09T15:54:11.912184+00:00,XAUUSD,1d,1d,25,historical_first,STRONG BUY,BUY_CONTINUATION,NEUTRAL (mixed),WAIT,EXACT,45,42.8075,153.36,2,MARKUP,Rohini,1,US Core PCE Price Index MoM,US Consumer Price Index (CPI) YoY
2026-04-09T16:07:46.789444+00:00,XAUUSD,1d,1d,1,historical_first,STRONG BUY,BUY_CONTINUATION,NEUTRAL (mixed),WAIT,EXACT,45,42.8075,153.36,2,MARKUP,Rohini,1,US Core PCE Price Index MoM,US Consumer Price Index (CPI) YoY
2026-04-09T16:08:58.066379+00:00,XAUUSD,1d,1d,1,historical_first,STRONG BUY,BUY_CONTINUATION,NEUTRAL (mixed),WAIT,EXACT,45,42.8075,153.36,2,MARKUP,Rohini,1,US Core PCE Price Index MoM,US Consumer Price Index (CPI) YoY
2026-04-09T16:11:08.235230+00:00,XAUUSD,1d,1d,1,historical_first,STRONG BUY,BUY_CONTINUATION,NEUTRAL (mixed),WAIT,EXACT,45,42.8075,153.36,2,MARKUP,Rohini,1,US Core PCE Price Index MoM,US Consumer Price Index (CPI) YoY
2026-04-09T16:11:37.079128+00:00,XAUUSD,1d,1d,1,historical_first,STRONG BUY,BUY_CONTINUATION,NEUTRAL (mixed),WAIT,EXACT,45,42.8075,153.36,2,MARKUP,Rohini,1,US Core PCE Price Index MoM,US Consumer Price Index (CPI) YoY
2026-04-09T16:17:25.732056+00:00,XAUUSD,1d,1d,1,historical_first,STRONG BUY,BUY_CONTINUATION,NEUTRAL (mixed),WAIT,EXACT,45,42.8075,153.36,2,MARKUP,Rohini,1,US Core PCE Price Index MoM,US Consumer Price Index (CPI) YoY
2026-04-09T16:17:52.738287+00:00,XAUUSD,1d,1d,1,historical_first,STRONG BUY,BUY_CONTINUATION,NEUTRAL (mixed),WAIT,EXACT,45,42.8075,153.36,2,MARKUP,Rohini,1,US Core PCE Price Index MoM,US Consumer Price Index (CPI) YoY
2026-04-09T16:18:41.688182+00:00,XAUUSD,1d,1d,1,historical_first,STRONG BUY,BUY_CONTINUATION,NEUTRAL (mixed),WAIT,EXACT,45,42.8075,153.36,2,MARKUP,Rohini,1,US Core PCE Price Index MoM,US Consumer Price Index (CPI) YoY
2026-04-09T16:19:26.958576+00:00,XAUUSD,1d,1d,1,historical_first,STRONG BUY,BUY_CONTINUATION,NEUTRAL (mixed),WAIT,EXACT,45,42.8075,153.36,2,MARKUP,Rohini,1,US Core PCE Price Index MoM,US Consumer Price Index (CPI) YoY
2026-04-09T16:20:39.616395+00:00,XAUUSD,1d,1d,25,historical_first,STRONG BUY,BUY_CONTINUATION,NEUTRAL (mixed),WAIT,EXACT,45,42.8075,153.36,2,MARKUP,Rohini,1,US Core PCE Price Index MoM,US Consumer Price Index (CPI) YoY
2026-04-09T16:21:11.863011+00:00,XAUUSD,1d,1d,25,historical_first,STRONG BUY,BUY_CONTINUATION,NEUTRAL (mixed),WAIT,EXACT,45,42.8075,153.36,2,MARKUP,Rohini,1,US Core PCE Price Index MoM,US Consumer Price Index (CPI) YoY
2026-04-09T16:21:36.125953+00:00,XAUUSD,1d,1d,25,historical_first,STRONG BUY,BUY_CONTINUATION,NEUTRAL (mixed),WAIT,EXACT,45,42.8075,153.36,2,MARKUP,Rohini,1,US Core PCE Price Index MoM,US Consumer Price Index (CPI) YoY
2026-04-09T16:22:32.772105+00:00,XAUUSD,1d,1d,25,historical_first,STRONG BUY,BUY_CONTINUATION,NEUTRAL (mixed),WAIT,EXACT,45,42.8075,153.36,2,MARKUP,Rohini,1,US Core PCE Price Index MoM,US Consumer Price Index (CPI) YoY
2026-04-09T16:28:54.285516+00:00,XAUUSD,1d,1d,1,historical_first,STRONG BUY,BUY_CONTINUATION,NEUTRAL (mixed),WAIT,EXACT,45,42.8075,153.36,2,MARKUP,Rohini,1,US Core PCE Price Index MoM,US Consumer Price Index (CPI) YoY
2026-04-09T16:30:21.020829+00:00,XAUUSD,1d,1d,1,historical_first,STRONG BUY,BUY_CONTINUATION,NEUTRAL (mixed),WAIT,EXACT,45,42.8075,153.36,2,MARKUP,Rohini,1,US Core PCE Price Index MoM,US Consumer Price Index (CPI) YoY
2026-04-09T16:46:26.279997+00:00,XAUUSD,1d,1d,1,historical_first,STRONG BUY,BUY_CONTINUATION,EXPANSION (mixed),WAIT,NONE,315,42.8075,153.36,2,MARKUP,Rohini,1,US Core PCE Price Index MoM,US Consumer Price Index (CPI) YoY
2026-04-09T16:46:37.203337+00:00,XAUUSD,1d,1d,1,historical_first,STRONG BUY,BUY_CONTINUATION,EXPANSION (mixed),WAIT,NONE,315,42.8075,153.36,2,MARKUP,Rohini,1,US Core PCE Price Index MoM,US Consumer Price Index (CPI) YoY
2026-04-09T16:50:54.624968+00:00,XAUUSD,1d,1d,1,historical_first,STRONG BUY,BUY_CONTINUATION,EXPANSION (mixed),WAIT,NONE,315,42.8075,153.36,2,MARKUP,Rohini,1,US Core PCE Price Index MoM,US Consumer Price Index (CPI) YoY
2026-04-09T16:52:00.749154+00:00,XAUUSD,1d,1d,1,historical_first,STRONG BUY,BUY_CONTINUATION,EXPANSION (mixed),WAIT,NONE,315,42.8075,153.36,2,MARKUP,Rohini,1,US Core PCE Price Index MoM,US Consumer Price Index (CPI) YoY
2026-04-09T16:52:26.015061+00:00,XAUUSD,1d,1d,1,historical_first,STRONG BUY,BUY_CONTINUATION,EXPANSION (mixed),WAIT,NONE,315,42.8075,153.36,2,MARKUP,Rohini,1,US Core PCE Price Index MoM,US Consumer Price Index (CPI) YoY
2026-04-09T16:57:42.444799+00:00,XAUUSD,1d,1d,1,historical_first,STRONG BUY,BUY_CONTINUATION,EXPANSION (mixed),WAIT,NONE,315,42.8075,153.36,2,MARKUP,Rohini,1,US Core PCE Price Index MoM,US Consumer Price Index (CPI) YoY
2026-04-09T16:58:22.560021+00:00,XAUUSD,1d,1d,1,historical_first,STRONG BUY,BUY_CONTINUATION,EXPANSION (mixed),WAIT,NONE,315,42.8075,153.36,2,MARKUP,Rohini,1,US Core PCE Price Index MoM,US Consumer Price Index (CPI) YoY
2026-04-09T17:01:14.538336+00:00,XAUUSD,1d,1d,1,historical_first,STRONG BUY,BUY_CONTINUATION,EXPANSION (mixed),WAIT,NONE,315,42.8075,153.36,2,MARKUP,Rohini,1,US Core PCE Price Index MoM,US Consumer Price Index (CPI) YoY
2026-04-09T17:02:51.464894+00:00,XAUUSD,1d,1d,1,historical_first,STRONG BUY,BUY_CONTINUATION,EXPANSION (mixed),WAIT,NONE,315,42.8075,153.36,2,MARKUP,Rohini,1,US Core PCE Price Index MoM,US Consumer Price Index (CPI) YoY
2026-04-10T01:04:16.668343+00:00,XAUUSD,1d,1d,1,historical_first,STRONG BUY,BUY_CONTINUATION,EXPANSION (mixed),WAIT,NONE,315,42.8075,153.36,2,MARKUP,Rohini,1,US Core PCE Price Index MoM,US Consumer Price Index (CPI) YoY
2026-04-10T01:21:54.062572+00:00,XAUUSD,1d,1d,25,historical_first,STRONG BUY,BUY_CONTINUATION,EXPANSION (mixed),WAIT,NONE,315,42.8075,153.36,2,MARKUP,Rohini,1,US Core PCE Price Index MoM,US Consumer Price Index (CPI) YoY
2026-04-10T01:23:12.864246+00:00,XAUUSD,1d,1d,1,historical_first,STRONG BUY,BUY_CONTINUATION,EXPANSION (mixed),WAIT,NONE,315,42.8075,153.36,2,MARKUP,Rohini,1,US Core PCE Price Index MoM,US Consumer Price Index (CPI) YoY
2026-04-10T01:26:13.821546+00:00,XAUUSD,1d,1d,1,historical_first,STRONG BUY,BUY_CONTINUATION,EXPANSION (mixed),WAIT,NONE,315,42.8075,153.36,2,MARKUP,Rohini,1,US Core PCE Price Index MoM,US Consumer Price Index (CPI) YoY
2026-04-10T01:40:11.919373+00:00,XAUUSD,1d,1d,25,historical_first,STRONG BUY,BUY_CONTINUATION,EXPANSION (mixed),WAIT,NONE,315,42.8075,153.36,2,MARKUP,Rohini,1,US Core PCE Price Index MoM,US Consumer Price Index (CPI) YoY
2026-04-10T01:43:04.719912+00:00,XAUUSD,1d,1d,25,historical_first,STRONG BUY,BUY_CONTINUATION,EXPANSION (mixed),WAIT,NONE,315,42.8075,153.36,2,MARKUP,Rohini,1,US Core PCE Price Index MoM,US Consumer Price Index (CPI) YoY
2026-04-10T08:18:08.772680+00:00,XAUUSD,1d,1d,25,historical_first,STRONG BUY,BUY_CONTINUATION,EXPANSION (mixed),WAIT,NONE,315,42.8075,153.36,2,MARKUP,Rohini,1,US Core PCE Price Index MoM,US Consumer Price Index (CPI) YoY
2026-04-10T08:18:29.774933+00:00,XAUUSD,1d,1d,25,historical_first,STRONG BUY,BUY_CONTINUATION,EXPANSION (mixed),WAIT,NONE,315,42.8075,153.36,2,MARKUP,Rohini,1,US Core PCE Price Index MoM,US Consumer Price Index (CPI) YoY
2026-04-10T08:19:48.776806+00:00,XAUUSD,1d,1d,25,historical_first,STRONG BUY,BUY_CONTINUATION,EXPANSION (mixed),WAIT,NONE,315,42.8075,153.36,2,MARKUP,Rohini,1,US Core PCE Price Index MoM,US Consumer Price Index (CPI) YoY
2026-04-10T08:20:46.847698+00:00,XAUUSD,1d,1d,25,historical_first,STRONG BUY,BUY_CONTINUATION,EXPANSION (mixed),WAIT,NONE,315,42.8075,153.36,2,MARKUP,Rohini,1,US Core PCE Price Index MoM,US Consumer Price Index (CPI) YoY
2026-04-10T08:22:25.580364+00:00,XAUUSD,1d,1d,25,historical_first,STRONG BUY,BUY_CONTINUATION,EXPANSION (mixed),WAIT,NONE,315,42.8075,153.36,2,MARKUP,Rohini,1,US Core PCE Price Index MoM,US Consumer Price Index (CPI) YoY
2026-04-10T08:24:28.125199+00:00,XAUUSD,1d,1d,25,historical_first,STRONG BUY,BUY_CONTINUATION,EXPANSION (mixed),WAIT,NONE,315,42.8075,153.36,2,MARKUP,Rohini,1,US Core PCE Price Index MoM,US Consumer Price Index (CPI) YoY
2026-04-10T08:26:09.407528+00:00,XAUUSD,1d,1d,25,historical_first,STRONG BUY,BUY_CONTINUATION,EXPANSION (mixed),WAIT,NONE,315,42.8075,153.36,2,MARKUP,Rohini,1,US Core PCE Price Index MoM,US Consumer Price Index (CPI) YoY
